collection_type,panel_title,year_measured,data_date,decade,items,share_percent
newspapers,Newspaper articles,Year of publication,February 2025,1800,2468,0.0009831804907288071
newspapers,Newspaper articles,Year of publication,February 2025,1810,5529,0.0022025951917502328
newspapers,Newspaper articles,Year of publication,February 2025,1820,37645,0.014996689454410838
newspapers,Newspaper articles,Year of publication,February 2025,1830,190640,0.075945514081256
newspapers,Newspaper articles,Year of publication,February 2025,1840,559634,0.2229421518430005
newspapers,Newspaper articles,Year of publication,February 2025,1850,1373572,0.5471917313660247
newspapers,Newspaper articles,Year of publication,February 2025,1860,2814227,1.1211074079749834
newspapers,Newspaper articles,Year of publication,February 2025,1870,4757236,1.8951465255238036
newspapers,Newspaper articles,Year of publication,February 2025,1880,9415621,3.750913644771662
newspapers,Newspaper articles,Year of publication,February 2025,1890,17781533,7.0836532985617815
newspapers,Newspaper articles,Year of publication,February 2025,1900,30329924,12.082572756113219
newspapers,Newspaper articles,Year of publication,February 2025,1910,41223618,16.4223083366519
newspapers,Newspaper articles,Year of publication,February 2025,1920,40556448,16.156526923361973
newspapers,Newspaper articles,Year of publication,February 2025,1930,44435716,17.701916151850046
newspapers,Newspaper articles,Year of publication,February 2025,1940,31867728,12.695189810961164
newspapers,Newspaper articles,Year of publication,February 2025,1950,18847859,7.508447026259062
newspapers,Newspaper articles,Year of publication,February 2025,1960,1672924,0.6664449916012962
newspapers,Newspaper articles,Year of publication,February 2025,1970,1859774,0.7408806782676971
newspapers,Newspaper articles,Year of publication,February 2025,1980,1582144,0.6302808404876976
newspapers,Newspaper articles,Year of publication,February 2025,1990,1226975,0.48879168663370265
newspapers,Newspaper articles,Year of publication,February 2025,2000,389340,0.1551019012400137
newspapers,Newspaper articles,Year of publication,February 2025,2010,78449,0.03125183400210056
newspapers,Newspaper articles,Year of publication,February 2025,2020,13064,0.005204323310729796
periodicals,Periodical issues,Date of the issue,March 2024,1800,2,0.005467169646274124
periodicals,Periodical issues,Date of the issue,March 2024,1810,21,0.0574052812858783
periodicals,Periodical issues,Date of the issue,March 2024,1820,50,0.1366792411568531
periodicals,Periodical issues,Date of the issue,March 2024,1830,133,0.36356678147722926
periodicals,Periodical issues,Date of the issue,March 2024,1840,555,1.5171395768410694
periodicals,Periodical issues,Date of the issue,March 2024,1850,127,0.3471652725384069
periodicals,Periodical issues,Date of the issue,March 2024,1860,185,0.5057131922803565
periodicals,Periodical issues,Date of the issue,March 2024,1870,261,0.7134656388387731
periodicals,Periodical issues,Date of the issue,March 2024,1880,944,2.5805040730413866
periodicals,Periodical issues,Date of the issue,March 2024,1890,969,2.648843693619813
periodicals,Periodical issues,Date of the issue,March 2024,1900,1504,4.111311573998141
periodicals,Periodical issues,Date of the issue,March 2024,1910,3444,9.414466130884042
periodicals,Periodical issues,Date of the issue,March 2024,1920,4381,11.97583511016347
periodicals,Periodical issues,Date of the issue,March 2024,1930,5392,14.739489366355038
periodicals,Periodical issues,Date of the issue,March 2024,1940,5607,15.327210103329506
periodicals,Periodical issues,Date of the issue,March 2024,1950,4357,11.91022907440818
periodicals,Periodical issues,Date of the issue,March 2024,1960,2625,7.175660160734787
periodicals,Periodical issues,Date of the issue,March 2024,1970,2263,6.186102454759171
periodicals,Periodical issues,Date of the issue,March 2024,1980,1751,4.7865070253129955
periodicals,Periodical issues,Date of the issue,March 2024,1990,1287,3.518123667377399
periodicals,Periodical issues,Date of the issue,March 2024,2000,480,1.3121207151057899
periodicals,Periodical issues,Date of the issue,March 2024,2010,237,0.6478596030834837
periodicals,Periodical issues,Date of the issue,March 2024,2020,7,0.019135093761959435
archive_files,Archive files,Start of the file's date range,September 2026,1800,43,0.002887985777677482
archive_files,Archive files,Start of the file's date range,September 2026,1810,0,0.0
archive_files,Archive files,Start of the file's date range,September 2026,1820,7,0.0004701372196219156
archive_files,Archive files,Start of the file's date range,September 2026,1830,39,0.00261933593789353
archive_files,Archive files,Start of the file's date range,September 2026,1840,202,0.013566816909089566
archive_files,Archive files,Start of the file's date range,September 2026,1850,320,0.02149198718271614
archive_files,Archive files,Start of the file's date range,September 2026,1860,679,0.04560331030332582
archive_files,Archive files,Start of the file's date range,September 2026,1870,2153,0.14460077626371207
archive_files,Archive files,Start of the file's date range,September 2026,1880,7682,0.5159420173050795
archive_files,Archive files,Start of the file's date range,September 2026,1890,21654,1.454335907670423
archive_files,Archive files,Start of the file's date range,September 2026,1900,17920,1.2035512822321042
archive_files,Archive files,Start of the file's date range,September 2026,1910,21616,1.4517837341924755
archive_files,Archive files,Start of the file's date range,September 2026,1920,25643,1.722246960394969
archive_files,Archive files,Start of the file's date range,September 2026,1930,769408,51.675333982122694
archive_files,Archive files,Start of the file's date range,September 2026,1940,352203,23.654819880356794
archive_files,Archive files,Start of the file's date range,September 2026,1950,164162,11.025523749653274
archive_files,Archive files,Start of the file's date range,September 2026,1960,28569,1.9187643181969298
archive_files,Archive files,Start of the file's date range,September 2026,1970,47414,3.1844408758790728
archive_files,Archive files,Start of the file's date range,September 2026,1980,22941,1.5407739936209095
archive_files,Archive files,Start of the file's date range,September 2026,1990,5968,0.4008255609576561
archive_files,Archive files,Start of the file's date range,September 2026,2000,304,0.020417387823580338
archive_files,Archive files,Start of the file's date range,September 2026,2010,0,0.0
archive_files,Archive files,Start of the file's date range,September 2026,2020,0,0.0
manuscripts,Manuscript collections,Start of the collection,March 2023,1800,36,1.7005196032120924
manuscripts,Manuscript collections,Start of the collection,March 2023,1810,41,1.9367028814359941
manuscripts,Manuscript collections,Start of the collection,March 2023,1820,58,2.73972602739726
manuscripts,Manuscript collections,Start of the collection,March 2023,1830,87,4.10958904109589
manuscripts,Manuscript collections,Start of the collection,March 2023,1840,81,3.8261691072272086
manuscripts,Manuscript collections,Start of the collection,March 2023,1850,105,4.959848842701937
manuscripts,Manuscript collections,Start of the collection,March 2023,1860,63,2.975909305621162
manuscripts,Manuscript collections,Start of the collection,March 2023,1870,68,3.2120925838450636
manuscripts,Manuscript collections,Start of the collection,March 2023,1880,103,4.8653755314123766
manuscripts,Manuscript collections,Start of the collection,March 2023,1890,102,4.818138875767596
manuscripts,Manuscript collections,Start of the collection,March 2023,1900,120,5.668398677373642
manuscripts,Manuscript collections,Start of the collection,March 2023,1910,140,6.613131790269248
manuscripts,Manuscript collections,Start of the collection,March 2023,1920,160,7.557864903164855
manuscripts,Manuscript collections,Start of the collection,March 2023,1930,176,8.313651393481342
manuscripts,Manuscript collections,Start of the collection,March 2023,1940,165,7.794048181388757
manuscripts,Manuscript collections,Start of the collection,March 2023,1950,153,7.227208313651394
manuscripts,Manuscript collections,Start of the collection,March 2023,1960,145,6.8493150684931505
manuscripts,Manuscript collections,Start of the collection,March 2023,1970,136,6.424185167690127
manuscripts,Manuscript collections,Start of the collection,March 2023,1980,89,4.204062352385451
manuscripts,Manuscript collections,Start of the collection,March 2023,1990,37,1.7477562588568731
manuscripts,Manuscript collections,Start of the collection,March 2023,2000,20,0.9447331128956069
manuscripts,Manuscript collections,Start of the collection,March 2023,2010,19,0.8974964572508267
manuscripts,Manuscript collections,Start of the collection,March 2023,2020,13,0.6140765233821445
oral_histories,Oral history recordings,Year of the recording,December 2023,1800,0,0.0
oral_histories,Oral history recordings,Year of the recording,December 2023,1810,0,0.0
oral_histories,Oral history recordings,Year of the recording,December 2023,1820,0,0.0
oral_histories,Oral history recordings,Year of the recording,December 2023,1830,0,0.0
oral_histories,Oral history recordings,Year of the recording,December 2023,1840,0,0.0
oral_histories,Oral history recordings,Year of the recording,December 2023,1850,0,0.0
oral_histories,Oral history recordings,Year of the recording,December 2023,1860,0,0.0
oral_histories,Oral history recordings,Year of the recording,December 2023,1870,1,0.004994755506717946
oral_histories,Oral history recordings,Year of the recording,December 2023,1880,1,0.004994755506717946
oral_histories,Oral history recordings,Year of the recording,December 2023,1890,0,0.0
oral_histories,Oral history recordings,Year of the recording,December 2023,1900,2,0.009989511013435893
oral_histories,Oral history recordings,Year of the recording,December 2023,1910,2,0.009989511013435893
oral_histories,Oral history recordings,Year of the recording,December 2023,1920,3,0.014984266520153838
oral_histories,Oral history recordings,Year of the recording,December 2023,1930,13,0.0649318215873333
oral_histories,Oral history recordings,Year of the recording,December 2023,1940,30,0.14984266520153838
oral_histories,Oral history recordings,Year of the recording,December 2023,1950,279,1.393536786374307
oral_histories,Oral history recordings,Year of the recording,December 2023,1960,1317,6.578093002347535
oral_histories,Oral history recordings,Year of the recording,December 2023,1970,2852,14.245042705159584
oral_histories,Oral history recordings,Year of the recording,December 2023,1980,5013,25.038709355177062
oral_histories,Oral history recordings,Year of the recording,December 2023,1990,3468,17.321812097297837
oral_histories,Oral history recordings,Year of the recording,December 2023,2000,3222,16.093102242645223
oral_histories,Oral history recordings,Year of the recording,December 2023,2010,3196,15.963238599470555
oral_histories,Oral history recordings,Year of the recording,December 2023,2020,622,3.1067379251785625
