row,column,status
9,0,Digitised
9,1,Digitised
9,2,Digitised
9,3,Digitised
9,4,Digitised
9,5,Digitised
9,6,Digitised
9,7,Digitised
9,8,Digitised
9,9,Digitised
8,0,Digitised
8,1,Digitised
8,2,Digitised
8,3,Digitised
8,4,Digitised
8,5,Digitised
8,6,Digitised
8,7,Digitised
8,8,Digitised
8,9,Digitised
7,0,Digitised
7,1,Digitised
7,2,Digitised
7,3,Digitised
7,4,Digitised
7,5,Digitised
7,6,Digitised
7,7,Digitised
7,8,Digitised
7,9,Digitised
6,0,Not digitised
6,1,Not digitised
6,2,Not digitised
6,3,Not digitised
6,4,Not digitised
6,5,Not digitised
6,6,Not digitised
6,7,Not digitised
6,8,Not digitised
6,9,Not digitised
5,0,Not digitised
5,1,Not digitised
5,2,Not digitised
5,3,Not digitised
5,4,Not digitised
5,5,Not digitised
5,6,Not digitised
5,7,Not digitised
5,8,Not digitised
5,9,Not digitised
4,0,Not digitised
4,1,Not digitised
4,2,Not digitised
4,3,Not digitised
4,4,Not digitised
4,5,Not digitised
4,6,Not digitised
4,7,Not digitised
4,8,Not digitised
4,9,Not digitised
3,0,Not digitised
3,1,Not digitised
3,2,Not digitised
3,3,Not digitised
3,4,Not digitised
3,5,Not digitised
3,6,Not digitised
3,7,Not digitised
3,8,Not digitised
3,9,Not digitised
2,0,Not digitised
2,1,Not digitised
2,2,Not digitised
2,3,Not digitised
2,4,Not digitised
2,5,Not digitised
2,6,Not digitised
2,7,Not digitised
2,8,Not digitised
2,9,Not digitised
1,0,Not digitised
1,1,Not digitised
1,2,Not digitised
1,3,Not digitised
1,4,Not digitised
1,5,Not digitised
1,6,Not digitised
1,7,Not digitised
1,8,Not digitised
1,9,Not digitised
0,0,Not digitised
0,1,Not digitised
0,2,Not digitised
0,3,Not digitised
0,4,Not digitised
0,5,Not digitised
0,6,Not digitised
0,7,Not digitised
0,8,Not digitised
0,9,Not digitised
