decade,collections,items,digitised_items,share_digitised
1540,1,36,2,5.555555555555555
1560,3,617,610,98.86547811993516
1600,4,2472,782,31.63430420711974
1630,2,64,64,100.0
1640,2,1492,1492,100.0
1650,3,1812,0,0.0
1660,3,238,236,99.15966386554622
1670,3,6521,6458,99.03389050759085
1690,3,9645,9469,98.17522032141007
1700,5,2134,2065,96.76663542642923
1710,6,13339,10967,82.21755753804632
1720,5,1859,1578,84.88434642280797
1730,5,480,196,40.833333333333336
1740,4,472,472,100.0
1750,6,984,133,13.516260162601625
1760,22,9019,8755,97.07284621354917
1770,26,4323,4288,99.19037705297248
1780,36,8071,5485,67.95936067401809
1790,35,7044,5445,77.29982964224872
1800,36,14747,9453,64.1011731199566
1810,41,7003,5002,71.42653148650578
1820,58,9210,7227,78.46905537459283
1830,87,13883,6281,45.242382770294604
1840,81,8762,4806,54.85049075553526
1850,105,12048,2784,23.107569721115535
1860,63,10782,4274,39.64014097570024
1870,68,8391,1763,21.010606602312002
1880,103,20507,8965,43.71677963622177
1890,102,21591,3579,16.57635125746839
1900,120,27366,4354,15.910253599356865
1910,140,26904,3793,14.098275349390423
1920,160,19568,2303,11.769215044971382
1930,176,36924,1585,4.2926010183078755
1940,165,31951,585,1.8309286094331947
1950,153,22831,1242,5.439971967938329
1960,145,26348,298,1.1310156368604827
1970,136,24396,1346,5.517297917691425
1980,89,16520,163,0.986682808716707
1990,37,3311,85,2.567200241618846
2000,20,806,2,0.24813895781637718
2010,19,535,0,0.0
2020,13,38,5,13.157894736842104
