id,parent,name,files,theme,series,share_percent,theme_share_percent
all,,All digitised files,,,,,
Second World War service records,all,Second World War service records,,Second World War service records,,,56.024640563304985
Migration and citizenship records,all,Migration and citizenship records,,Migration and citizenship records,,,21.56767927507527
Other files,all,Other files,,Other files,,,13.445252856587327
Photographs,all,Photographs,,Photographs,,,7.163547977839074
Patents,all,Patents,,Patents,,,1.7988793271933412
Migration and citizenship records|A2571,Migration and citizenship records,"Name Index Cards, Migrants Registration [Bonegilla]",162201.0,Migration and citizenship records,A2571,10.89381816569919,21.56767927507527
Migration and citizenship records|A2572,Migration and citizenship records,"Name Index Cards, Migrants Registration [Bonegilla]",101979.0,Migration and citizenship records,A2572,6.849160502831905,21.56767927507527
Migration and citizenship records|A7109,Migration and citizenship records,"""Dead"" card index of Registered Aliens",10618.0,Migration and citizenship records,A7109,0.7131309997065001,21.56767927507527
Migration and citizenship records|A714,Migration and citizenship records,Books of duplicate certificates of naturalization A(1)[Individual person] series,24008.0,Migration and citizenship records,A714,1.6124363383832787,21.56767927507527
Migration and citizenship records|A907,Migration and citizenship records,Ships' Passenger Lists - Inwards (Form P2),16937.0,Migration and citizenship records,A907,1.137530584105198,21.56767927507527
Other files|A1,Other files,"Correspondence files, annual single number series [Main correspondence files series of the agency]",6679.0,Other files,A1,0.44857806997925354,13.445252856587327
Other files|A10605,Other files,Personnel Occurrence Reports,2561.0,Other files,A10605,0.17200305992167514,13.445252856587327
Other files|A11015,Other files,"Glass lantern slides, single number series",2170.0,Other files,A11015,0.14574253808279383,13.445252856587327
Other files|A11708,Other files,Applications for Registration of Queensland Trade Marks,4140.0,Other files,A11708,0.2780525841763901,13.445252856587327
Other files|A6510,Other files,Classified prints of photographs relating mainly to Papua and New Guinea,2248.0,Other files,A6510,0.15098120995858091,13.445252856587327
Other files|A705,Other files,"Correspondence files, multiple number (Melbourne) series (Primary numbers 1-323)",2658.0,Other files,A705,0.17851781853643597,13.445252856587327
Other files|AP476/1,Other files,Petitions for South Australian Colonial patents with specifications.,6382.0,Other files,AP476/1,0.4286308193752951,13.445252856587327
Other files|AP67/1,Other files,Personal documents of British migrants (including ex-service) in receipt of free and assisted passages,2832.0,Other files,AP67/1,0.19020408656703788,13.445252856587327
Other files|B3712,Other files,"Folders of construction drawings, numerical series",2017.0,Other files,B3712,0.1354666817110577,13.445252856587327
Other files|BP308/1,Other files,"Wacol Migrant Centre accommodation history cards, alphabetical series",6568.0,Other files,BP308/1,0.44112303692524885,13.445252856587327
Other files|C610,Other files,"Australian Women's Land Army - personnel cards, alphabetical series",4330.0,Other files,C610,0.2908134515661278,13.445252856587327
Other files|D1051,Other files,"Original drawings, plans and prints of National Estate properties",4484.0,Other files,D1051,0.30115647039780996,13.445252856587327
Other files|D1423,Other files,"Original plans (negatives), single number series with alpha prefix denoting discipline",4722.0,Other files,D1423,0.31714113586495507,13.445252856587327
Other files|D1901,Other files,"Loveday Internment Camp internees files, single number series with variable alpha prefix",2347.0,Other files,D1901,0.1576302934932337,13.445252856587327
Other files|D1989,Other files,"Application forms, medical examination documents and related papers of British and Foreign Immigrants (including Ex Service) in receipt of free and assisted passages, chronological order of ship arrival.",4524.0,Other files,D1989,0.3038429687956495,13.445252856587327
Other files|D4881,Other files,"Alien registration cards, alphabetical series",2970.0,Other files,D4881,0.19947250603958422,13.445252856587327
Other files|J853,Other files,"Architectural plans, annual single number series with alpha (denoting Papua New Guinea and discipline) prefix and/or alpha/numeric (denoting size and amendment) suffix",9023.0,Other files,J853,0.6060068760926492,13.445252856587327
Other files|K1145,Other files,"Certificates of Exemption from Dictation Test, annual certificate number order",4548.0,Other files,K1145,0.30545486783435316,13.445252856587327
Other files|MT1139/1,Other files,First World War munition workers dossiers,2195.0,Other files,MT1139/1,0.14742159958144355,13.445252856587327
Other files|MT1486/1,Other files,Applications to enlist in the Australian Imperial Force,7996.0,Other files,MT1486/1,0.5370310297281197,13.445252856587327
Other files|PP246/4,Other files,"Personal Statement and Declaration forms, alphabetical order within nationality",4465.0,Other files,PP246/4,0.2998803836588362,13.445252856587327
Other files|PP50/4,Other files,"Medical examination forms (form 47A) for non-British migrants, single number series",2168.0,Other files,PP50/4,0.14560821316290187,13.445252856587327
Other files|PP9/5,Other files,"Medical examination forms (form 47A) for non-British migrants, single number series",2297.0,Other files,PP9/5,0.15427217049593434,13.445252856587327
Other files|SP300/1,Other files,"Australian Broadcasting Commission radio talk scripts, general",2574.0,Other files,SP300/1,0.17287617190097299,13.445252856587327
Other files|SP388/1,Other files,Personal documents of British Assisted Migrants,3401.0,Other files,SP388/1,0.22841952627630502,13.445252856587327
Patents|A13149,Patents,Applications for Registration of Victorian Patents - Second system,8876.0,Patents,A13149,0.596133994480589,1.7988793271933412
Patents|A13150,Patents,"Specifications, examiners reports and correspondence relating to the Registration of Victorian Patents - Second system",17546.0,Patents,A13150,1.1784325222123047,1.7988793271933412
Photographs|A11016,Photographs,"Construction of Snowy Mountains Hydro-Electric Scheme, black and white photographic negatives, single number series",2187.0,Photographs,A11016,0.14688429990187565,7.163547977839074
Photographs|A14435,Photographs,Stanley Fowler photographs of the Australian fishing industry and coastline,10476.0,Photographs,A14435,0.7035939303941698,7.163547977839074
Photographs|A1500,Photographs,"Photographic colour transparencies [positives], single number series with 'K' [Colour] prefix",11528.0,Photographs,A1500,0.774248838257349,7.163547977839074
Photographs|A6135,Photographs,"Photographic colour transparencies positives, daily single number series with 'K' [Colour Transparencies] prefix",19477.0,Photographs,A6135,1.3081232323680072,7.163547977839074
Photographs|A8746,Photographs,"Photographic colour negatives, chronological series",3409.0,Photographs,A8746,0.2289568259558729,7.163547977839074
Photographs|B6286,Photographs,Telstra Historical Collection,1641.0,Photographs,B6286,0.11021359677136622,7.163547977839074
Photographs|B6288,Photographs,B6288,6060.0,Photographs,B6288,0.407004507272687,7.163547977839074
Photographs|B6295,Photographs,"Photographs and negatives of Commonwealth building sites and Works departmental activities, single number series",1113.0,Photographs,B6295,0.07475181791988458,7.163547977839074
Photographs|C4384,Photographs,,3000.0,Photographs,C4384,0.20148737983796383,7.163547977839074
Photographs|D3481,Photographs,"Photographs (black and white, colour) of buildings, installations and sites",13540.0,Photographs,D3481,0.9093797076686769,7.163547977839074
Photographs|D5440,Photographs,"Photographs of post office buildings, personnel and equipment, single number series (with variations)",1457.0,Photographs,D5440,0.09785570414130443,7.163547977839074
Photographs|D874,Photographs,"Still photograph outdoor and studio negatives, annual single number series with N prefix (and progressive alpha infix A-K from 1948-1957)",12055.0,Photographs,D874,0.8096434546488847,7.163547977839074
Photographs|D879,Photographs,"Duplicates of negatives, annual single number series with D prefix (and progressive alpha infix A - K from 1948-1957)",3250.0,Photographs,D879,0.21827799482446084,7.163547977839074
Photographs|E607,Photographs,"Negative film of photographs taken of every lot of Darwin after Cyclone Tracy, two number series",9466.0,Photographs,E607,0.6357598458487219,7.163547977839074
Second World War service records|A705,Second World War service records,"Correspondence files, multiple number (Melbourne) series (Primary numbers 1-323)",11268.0,Second World War service records,A705,0.7567865986713922,56.024640563304985
Second World War service records|A9300,Second World War service records,"Royal Australian Air Force officers' personnel files, 1921–1948",32953.0,Second World War service records,A9300,2.213204542600141,56.024640563304985
Second World War service records|A9301,Second World War service records,"Royal Australian Air Force personnel files of non-commissioned officers and other ranks, 1921–1948",188813.0,Second World War service records,A9301,12.681145549781823,56.024640563304985
Second World War service records|B883,Second World War service records,"Second Australian Imperial Force Personnel Dossiers, 1939-1947",330831.0,Second World War service records,B883,22.21942378639114,56.024640563304985
Second World War service records|B884,Second World War service records,"Citizen Military Forces Personnel Dossiers, 1939-1947",264006.0,Second World War service records,B884,17.731292400500497,56.024640563304985
Migration and citizenship records|grouped,Migration and citizenship records,103 smaller series,5384.0,Migration and citizenship records,grouped,0.3616026843491991,21.56767927507527
Other files|grouped,Other files,"3,002 smaller series",99891.0,Other files,grouped,6.708925286464683,13.445252856587327
Patents|grouped,Patents,35 smaller series,362.0,Patents,grouped,0.024312810500447635,1.7988793271933412
Photographs|grouped,Photographs,86 smaller series,8001.0,Photographs,grouped,0.5373668420278496,7.163547977839074
Second World War service records|grouped,Second World War service records,70 smaller series,6295.0,Second World War service records,grouped,0.42278768535999417,56.024640563304985
