month,theme,files,recorded_weeks,weeks_in_month,files_per_week
2021-04,Migration and citizenship records,134,4,4,33.5
2021-04,Other files,2208,4,4,552.0
2021-04,Patents,5,4,4,1.25
2021-04,Photographs,890,4,4,222.5
2021-04,Second World War service records,27526,4,4,6881.5
2021-05,Migration and citizenship records,81,5,5,16.2
2021-05,Other files,1693,5,5,338.6
2021-05,Patents,6,5,5,1.2
2021-05,Photographs,4151,5,5,830.2
2021-05,Second World War service records,29738,5,5,5947.6
2021-06,Migration and citizenship records,74,4,4,18.5
2021-06,Other files,1776,4,4,444.0
2021-06,Patents,10,4,4,2.5
2021-06,Photographs,1581,4,4,395.25
2021-06,Second World War service records,19092,4,4,4773.0
2021-07,Migration and citizenship records,48,4,4,12.0
2021-07,Other files,889,4,4,222.25
2021-07,Patents,6,4,4,1.5
2021-07,Photographs,0,4,4,0.0
2021-07,Second World War service records,25773,4,4,6443.25
2021-08,Migration and citizenship records,30,5,5,6.0
2021-08,Other files,1085,5,5,217.0
2021-08,Patents,0,5,5,0.0
2021-08,Photographs,0,5,5,0.0
2021-08,Second World War service records,8894,5,5,1778.8
2021-09,Migration and citizenship records,27,4,4,6.75
2021-09,Other files,507,4,4,126.75
2021-09,Patents,0,4,4,0.0
2021-09,Photographs,0,4,4,0.0
2021-09,Second World War service records,221,4,4,55.25
2021-10,Migration and citizenship records,28,5,5,5.6
2021-10,Other files,709,5,5,141.8
2021-10,Patents,0,5,5,0.0
2021-10,Photographs,0,5,5,0.0
2021-10,Second World War service records,181,5,5,36.2
2021-11,Migration and citizenship records,89,4,4,22.25
2021-11,Other files,924,4,4,231.0
2021-11,Patents,1,4,4,0.25
2021-11,Photographs,4,4,4,1.0
2021-11,Second World War service records,840,4,4,210.0
2021-12,Migration and citizenship records,40,4,4,10.0
2021-12,Other files,1530,4,4,382.5
2021-12,Patents,7,4,4,1.75
2021-12,Photographs,397,4,4,99.25
2021-12,Second World War service records,251,4,4,62.75
2022-01,Migration and citizenship records,77,4,5,19.25
2022-01,Other files,786,4,5,196.5
2022-01,Patents,40,4,5,10.0
2022-01,Photographs,2,4,5,0.5
2022-01,Second World War service records,644,4,5,161.0
2022-02,Migration and citizenship records,150,4,4,37.5
2022-02,Other files,2035,4,4,508.75
2022-02,Patents,28,4,4,7.0
2022-02,Photographs,11,4,4,2.75
2022-02,Second World War service records,4495,4,4,1123.75
2022-03,Migration and citizenship records,91,4,4,22.75
2022-03,Other files,11454,4,4,2863.5
2022-03,Patents,44,4,4,11.0
2022-03,Photographs,12,4,4,3.0
2022-03,Second World War service records,12704,4,4,3176.0
2022-04,Migration and citizenship records,8378,4,4,2094.5
2022-04,Other files,3593,4,4,898.25
2022-04,Patents,32,4,4,8.0
2022-04,Photographs,12,4,4,3.0
2022-04,Second World War service records,23472,4,4,5868.0
2022-05,Migration and citizenship records,46516,5,5,9303.2
2022-05,Other files,8308,5,5,1661.6
2022-05,Patents,32,5,5,6.4
2022-05,Photographs,300,5,5,60.0
2022-05,Second World War service records,57385,5,5,11477.0
2022-06,Migration and citizenship records,93345,4,4,23336.25
2022-06,Other files,4991,4,4,1247.75
2022-06,Patents,3,4,4,0.75
2022-06,Photographs,627,4,4,156.75
2022-06,Second World War service records,30175,4,4,7543.75
2022-07,Migration and citizenship records,77528,5,5,15505.6
2022-07,Other files,3850,5,5,770.0
2022-07,Patents,5,5,5,1.0
2022-07,Photographs,111,5,5,22.2
2022-07,Second World War service records,26298,5,5,5259.6
2022-08,Migration and citizenship records,64,4,4,16.0
2022-08,Other files,2030,4,4,507.5
2022-08,Patents,1,4,4,0.25
2022-08,Photographs,2809,4,4,702.25
2022-08,Second World War service records,19807,4,4,4951.75
2022-09,Migration and citizenship records,617,4,4,154.25
2022-09,Other files,1117,4,4,279.25
2022-09,Patents,3,4,4,0.75
2022-09,Photographs,7,4,4,1.75
2022-09,Second World War service records,13090,4,4,3272.5
2022-10,Migration and citizenship records,9778,5,5,1955.6
2022-10,Other files,2330,5,5,466.0
2022-10,Patents,19,5,5,3.8
2022-10,Photographs,10825,5,5,2165.0
2022-10,Second World War service records,29155,5,5,5831.0
2022-11,Migration and citizenship records,25275,4,4,6318.75
2022-11,Other files,5300,4,4,1325.0
2022-11,Patents,4,4,4,1.0
2022-11,Photographs,3073,4,4,768.25
2022-11,Second World War service records,13219,4,4,3304.75
2022-12,Migration and citizenship records,61,4,4,15.25
2022-12,Other files,2244,4,4,561.0
2022-12,Patents,7,4,4,1.75
2022-12,Photographs,4355,4,4,1088.75
2022-12,Second World War service records,12873,4,4,3218.25
2023-01,Migration and citizenship records,194,2,5,97.0
2023-01,Other files,4848,2,5,2424.0
2023-01,Patents,4,2,5,2.0
2023-01,Photographs,398,2,5,199.0
2023-01,Second World War service records,11022,2,5,5511.0
2023-02,Migration and citizenship records,2400,4,4,600.0
2023-02,Other files,5198,4,4,1299.5
2023-02,Patents,29,4,4,7.25
2023-02,Photographs,1567,4,4,391.75
2023-02,Second World War service records,39493,4,4,9873.25
2023-03,Migration and citizenship records,218,4,4,54.5
2023-03,Other files,4060,4,4,1015.0
2023-03,Patents,4,4,4,1.0
2023-03,Photographs,4350,4,4,1087.5
2023-03,Second World War service records,56631,4,4,14157.75
2023-04,Migration and citizenship records,1231,5,5,246.2
2023-04,Other files,4590,5,5,918.0
2023-04,Patents,1,5,5,0.2
2023-04,Photographs,9879,5,5,1975.8
2023-04,Second World War service records,27218,5,5,5443.6
2023-05,Migration and citizenship records,127,4,4,31.75
2023-05,Other files,3861,4,4,965.25
2023-05,Patents,4,4,4,1.0
2023-05,Photographs,1953,4,4,488.25
2023-05,Second World War service records,51523,4,4,12880.75
2023-06,Migration and citizenship records,597,4,4,149.25
2023-06,Other files,4969,4,4,1242.25
2023-06,Patents,3,4,4,0.75
2023-06,Photographs,1918,4,4,479.5
2023-06,Second World War service records,38929,4,4,9732.25
2023-07,Migration and citizenship records,95,5,5,19.0
2023-07,Other files,3054,5,5,610.8
2023-07,Patents,2,5,5,0.4
2023-07,Photographs,32,5,5,6.4
2023-07,Second World War service records,6195,5,5,1239.0
2023-08,Migration and citizenship records,84,4,4,21.0
2023-08,Other files,2766,4,4,691.5
2023-08,Patents,2,4,4,0.5
2023-08,Photographs,428,4,4,107.0
2023-08,Second World War service records,18440,4,4,4610.0
2023-09,Migration and citizenship records,58,4,4,14.5
2023-09,Other files,1229,4,4,307.25
2023-09,Patents,0,4,4,0.0
2023-09,Photographs,368,4,4,92.0
2023-09,Second World War service records,17910,4,4,4477.5
2023-10,Migration and citizenship records,127,5,5,25.4
2023-10,Other files,2776,5,5,555.2
2023-10,Patents,3884,5,5,776.8
2023-10,Photographs,1761,5,5,352.2
2023-10,Second World War service records,21512,5,5,4302.4
2023-11,Migration and citizenship records,64,4,4,16.0
2023-11,Other files,2393,4,4,598.25
2023-11,Patents,40,4,4,10.0
2023-11,Photographs,3138,4,4,784.5
2023-11,Second World War service records,25209,4,4,6302.25
2023-12,Migration and citizenship records,81,4,5,20.25
2023-12,Other files,2934,4,5,733.5
2023-12,Patents,7,4,5,1.75
2023-12,Photographs,2,4,5,0.5
2023-12,Second World War service records,24791,4,5,6197.75
2024-01,Migration and citizenship records,24,4,4,6.0
2024-01,Other files,1528,4,4,382.0
2024-01,Patents,1,4,4,0.25
2024-01,Photographs,373,4,4,93.25
2024-01,Second World War service records,22002,4,4,5500.5
2024-02,Migration and citizenship records,104,4,4,26.0
2024-02,Other files,4106,4,4,1026.5
2024-02,Patents,0,4,4,0.0
2024-02,Photographs,7427,4,4,1856.75
2024-02,Second World War service records,18597,4,4,4649.25
2024-03,Migration and citizenship records,149,5,5,29.8
2024-03,Other files,3383,5,5,676.6
2024-03,Patents,4968,5,5,993.6
2024-03,Photographs,13615,5,5,2723.0
2024-03,Second World War service records,25172,5,5,5034.4
2024-04,Migration and citizenship records,64,4,4,16.0
2024-04,Other files,3187,4,4,796.75
2024-04,Patents,2840,4,4,710.0
2024-04,Photographs,4743,4,4,1185.75
2024-04,Second World War service records,13290,4,4,3322.5
2024-05,Migration and citizenship records,214,4,4,53.5
2024-05,Other files,3015,4,4,753.75
2024-05,Patents,2500,4,4,625.0
2024-05,Photographs,3088,4,4,772.0
2024-05,Second World War service records,6499,4,4,1624.75
2024-06,Migration and citizenship records,307,5,5,61.4
2024-06,Other files,6150,5,5,1230.0
2024-06,Patents,1592,5,5,318.4
2024-06,Photographs,772,5,5,154.4
2024-06,Second World War service records,3399,5,5,679.8
2024-07,Migration and citizenship records,106,4,4,26.5
2024-07,Other files,4690,4,4,1172.5
2024-07,Patents,0,4,4,0.0
2024-07,Photographs,1730,4,4,432.5
2024-07,Second World War service records,192,4,4,48.0
2024-08,Migration and citizenship records,100,4,4,25.0
2024-08,Other files,4551,4,4,1137.75
2024-08,Patents,5212,4,4,1303.0
2024-08,Photographs,1644,4,4,411.0
2024-08,Second World War service records,57,4,4,14.25
2024-09,Migration and citizenship records,5088,5,5,1017.6
2024-09,Other files,6925,5,5,1385.0
2024-09,Patents,335,5,5,67.0
2024-09,Photographs,1197,5,5,239.4
2024-09,Second World War service records,1340,5,5,268.0
2024-10,Migration and citizenship records,8395,4,4,2098.75
2024-10,Other files,6261,4,4,1565.25
2024-10,Patents,1401,4,4,350.25
2024-10,Photographs,2401,4,4,600.25
2024-10,Second World War service records,219,4,4,54.75
2024-11,Migration and citizenship records,166,4,4,41.5
2024-11,Other files,7278,4,4,1819.5
2024-11,Patents,3570,4,4,892.5
2024-11,Photographs,670,4,4,167.5
2024-11,Second World War service records,13948,4,4,3487.0
2024-12,Migration and citizenship records,10674,5,5,2134.8
2024-12,Other files,4599,5,5,919.8
2024-12,Patents,14,5,5,2.8
2024-12,Photographs,1140,5,5,228.0
2024-12,Second World War service records,7927,5,5,1585.4
2025-01,Migration and citizenship records,5684,4,4,1421.0
2025-01,Other files,4631,4,4,1157.75
2025-01,Patents,2,4,4,0.5
2025-01,Photographs,446,4,4,111.5
2025-01,Second World War service records,780,4,4,195.0
2025-02,Migration and citizenship records,2907,4,4,726.75
2025-02,Other files,5676,4,4,1419.0
2025-02,Patents,101,4,4,25.25
2025-02,Photographs,1646,4,4,411.5
2025-02,Second World War service records,2500,4,4,625.0
2025-03,Migration and citizenship records,1066,5,5,213.2
2025-03,Other files,6860,5,5,1372.0
2025-03,Patents,6,5,5,1.2
2025-03,Photographs,2245,5,5,449.0
2025-03,Second World War service records,1174,5,5,234.8
2025-04,Migration and citizenship records,1010,4,4,252.5
2025-04,Other files,4610,4,4,1152.5
2025-04,Patents,3,4,4,0.75
2025-04,Photographs,1945,4,4,486.25
2025-04,Second World War service records,19762,4,4,4940.5
