harvest_date,total_articles,harvest_type
2011-04-12,48481646,snapshot
2011-08-04,52270588,snapshot
2014-09-12,135040041,snapshot
2015-11-29,188146445,snapshot
2016-12-14,206655551,snapshot
2019-07-28,224797939,snapshot
2020-07-10,228011887,snapshot
2021-04-27,232201965,snapshot
2022-01-21,233666386,snapshot
2022-04-19,234365687,weekly
2022-04-20,234474235,weekly
2022-04-24,234511909,weekly
2022-05-01,234723302,weekly
2022-05-08,234847706,weekly
2022-05-15,234855157,weekly
2022-05-22,234930016,weekly
2022-05-29,234973031,weekly
2022-06-05,235050156,weekly
2022-06-12,235105227,weekly
2022-06-19,235191988,weekly
2022-06-26,235262193,weekly
2022-07-03,235366410,weekly
2022-07-10,235465957,weekly
2022-07-31,235512887,weekly
2022-08-07,235545257,weekly
2022-08-14,235589959,weekly
2022-08-21,235594496,weekly
2022-08-28,235594496,weekly
2022-09-04,235680436,weekly
2022-09-11,235773262,weekly
2022-09-18,235828335,weekly
2022-09-25,235878839,weekly
2022-10-02,235891982,weekly
2022-10-09,235920567,weekly
2022-10-16,235943844,weekly
2022-10-23,236047908,weekly
2022-10-30,236122742,weekly
2022-11-06,236157524,weekly
2022-11-13,236207068,weekly
2022-11-20,236222551,weekly
2022-11-27,236319085,weekly
2022-12-04,236334723,weekly
2022-12-11,236362422,weekly
2022-12-18,236458670,weekly
2023-01-01,236523457,weekly
2023-01-08,236569967,weekly
2023-01-15,236609422,weekly
2023-01-22,236661023,weekly
2023-01-29,236695468,weekly
2023-02-05,236725966,weekly
2023-02-12,236754169,weekly
2023-03-05,236791989,weekly
2023-03-19,236821915,weekly
2023-03-26,236916441,weekly
2023-04-02,237069124,weekly
2023-04-09,237226879,weekly
2023-04-16,237350603,weekly
2023-04-23,237451531,weekly
2023-04-30,237609472,weekly
2023-05-07,237824024,weekly
2023-05-14,238050787,weekly
2023-05-21,238297414,weekly
2023-05-28,238558627,weekly
2023-06-04,238755331,weekly
2023-06-11,238965326,weekly
2023-06-18,239124645,weekly
2023-06-25,239397883,weekly
2023-07-02,239594511,weekly
2023-07-09,239717012,weekly
2023-07-16,239904487,weekly
2023-07-23,240154391,weekly
2023-07-30,240301334,weekly
2023-08-06,240483088,weekly
2023-08-13,240564304,weekly
2023-08-20,240703862,weekly
2023-08-27,240834962,weekly
2023-09-03,240958527,weekly
2023-09-10,241077612,weekly
2023-09-17,241203606,weekly
2023-09-24,241337730,weekly
2023-10-01,241491352,weekly
2023-10-08,241640216,weekly
2023-10-15,241810433,weekly
2023-10-22,242005490,weekly
2023-10-29,242145884,weekly
2023-11-05,242274711,weekly
2023-11-12,242461121,weekly
2023-11-19,242651236,weekly
2023-11-26,242837166,weekly
2023-12-03,242996518,weekly
2023-12-10,243167928,weekly
2023-12-17,243439615,weekly
2023-12-24,243721422,weekly
2023-12-31,244042221,weekly
2024-01-07,244350678,weekly
2024-01-14,244818295,weekly
2024-01-21,245102542,weekly
2024-01-28,245483309,weekly
2024-02-04,245777558,weekly
2024-02-11,246038654,weekly
2024-02-18,246392493,weekly
2024-02-25,246580111,weekly
2024-03-03,247009004,weekly
2024-03-10,247353087,weekly
2024-03-17,247767664,weekly
2024-03-24,248018974,weekly
2024-03-31,248332290,weekly
2024-04-07,248332290,weekly
2024-04-14,248394222,weekly
2024-04-21,248436639,weekly
2024-04-28,248467538,weekly
2024-05-05,248500053,weekly
2024-05-12,248564168,weekly
2024-05-19,248625424,weekly
2024-05-26,248670987,weekly
2024-06-09,248780058,weekly
2024-06-16,248852001,weekly
2024-06-23,248923449,weekly
2024-06-30,249000476,weekly
2024-07-07,249154934,weekly
2024-07-14,249162097,weekly
2024-07-21,249231106,weekly
2024-07-28,249290081,weekly
2024-08-04,249351859,weekly
2024-08-11,249420544,weekly
2024-08-18,249508590,weekly
2024-08-25,249615751,weekly
2024-09-01,249722416,weekly
2024-09-08,249805769,weekly
2024-10-13,249882520,weekly
2024-10-20,249895484,weekly
2024-10-27,249969812,weekly
2024-11-03,250022426,weekly
2024-11-10,250085778,weekly
2024-11-17,250181187,weekly
2024-11-24,250256218,weekly
2024-12-01,250327105,weekly
2024-12-08,250379516,weekly
2024-12-15,250479190,weekly
2024-12-22,250552546,weekly
2024-12-29,250599087,weekly
2025-01-12,250695586,weekly
2025-01-19,250725173,weekly
2025-01-26,250830970,weekly
2025-02-02,250886316,weekly
2025-02-09,250950489,weekly
2025-02-16,251022068,weekly
