year,articles_2025,articles_2011
1803,526,526.0
1804,619,619.0
1805,430,430.0
1806,367,367.0
1807,134,160.0
1808,155,155.0
1809,237,237.0
1810,274,269.0
1811,228,228.0
1812,215,208.0
1813,234,234.0
1814,239,201.0
1815,226,226.0
1816,644,644.0
1817,1068,1068.0
1818,1249,1249.0
1819,1152,1152.0
1820,1275,1275.0
1821,1005,1007.0
1822,1033,1033.0
1823,1156,1161.0
1824,1646,1648.0
1825,3366,3175.0
1826,5201,5201.0
1827,6693,6162.0
1828,7335,5566.0
1829,8935,7395.0
1830,8977,6651.0
1831,10989,7746.0
1832,14814,9542.0
1833,15622,10188.0
1834,18704,11922.0
1835,20389,13529.0
1836,20553,14347.0
1837,21805,15297.0
1838,25911,16226.0
1839,32876,19062.0
1840,42411,23997.0
1841,46377,24922.0
1842,48236,23962.0
1843,50573,26346.0
1844,55019,29256.0
1845,64130,33004.0
1846,62528,31464.0
1847,62801,35613.0
1848,64034,32222.0
1849,63525,31940.0
1850,81624,38428.0
1851,96580,51180.0
1852,80042,50346.0
1853,96048,56376.0
1854,118924,68014.0
1855,160505,86651.0
1856,168735,90067.0
1857,177432,85773.0
1858,183679,82438.0
1859,210003,93920.0
1860,222816,103148.0
1861,246310,111878.0
1862,253912,110563.0
1863,260302,112997.0
1864,275045,109900.0
1865,293251,109314.0
1866,298847,113425.0
1867,307500,115903.0
1868,317404,115563.0
1869,338840,112000.0
1870,386271,116364.0
1871,373400,114021.0
1872,399688,116830.0
1873,435873,125620.0
1874,450585,131676.0
1875,487583,129996.0
1876,499307,128129.0
1877,514762,129860.0
1878,585112,155459.0
1879,624655,163896.0
1880,637508,160516.0
1881,679831,169269.0
1882,764271,190956.0
1883,795970,202498.0
1884,900329,202273.0
1885,955879,229163.0
1886,1046403,254079.0
1887,1095643,263513.0
1888,1225971,266780.0
1889,1313816,301193.0
1890,1420439,308556.0
1891,1477135,325815.0
1892,1539036,337244.0
1893,1564098,342571.0
1894,1624055,331666.0
1895,1742110,354437.0
1896,1860268,355734.0
1897,1973403,401583.0
1898,2198827,424928.0
1899,2382162,438446.0
1900,2618771,501918.0
1901,2715727,510347.0
1902,2776543,483019.0
1903,2813218,552381.0
1904,2976282,540591.0
1905,3102710,587430.0
1906,3152466,618564.0
1907,3309740,630540.0
1908,3406293,677907.0
1909,3458174,653099.0
1910,3690077,717452.0
1911,3815389,713994.0
1912,3971161,784980.0
1913,4046617,729652.0
1914,4682621,735979.0
1915,4783530,746671.0
1916,4369287,661232.0
1917,4262301,625631.0
1918,4040965,593258.0
1919,3561670,627045.0
1920,3308433,518700.0
1921,3489059,523745.0
1922,3638829,577202.0
1923,3948019,727563.0
1924,4253767,850476.0
1925,4236004,826068.0
1926,4231190,855399.0
1927,4329614,916092.0
1928,4450302,1007417.0
1929,4671231,1041220.0
1930,4512367,960811.0
1931,4133337,872700.0
1932,4151683,872772.0
1933,4333953,893540.0
1934,4465731,990929.0
1935,4557629,973706.0
1936,4639931,951758.0
1937,4624486,1014777.0
1938,4625048,1019574.0
1939,4391551,919081.0
1940,3790262,699847.0
1941,3605028,669937.0
1942,2941181,486675.0
1943,2591119,416819.0
1944,2640583,456142.0
1945,2780729,508031.0
1946,3356187,572718.0
1947,3474645,654681.0
1948,3133500,545258.0
1949,3554494,664742.0
1950,3600582,686944.0
1951,3338926,637851.0
1952,3432576,652022.0
1953,3653615,699821.0
1954,3661437,675151.0
1955,436398,
1956,260291,
1957,154495,
1958,154803,
1959,154736,
1960,155734,
1961,152709,
1962,157221,
1963,168102,
1964,168832,
1965,178187,
1966,173538,
1967,168010,
1968,164315,
1969,186276,
1970,199233,
1971,198693,
1972,191367,
1973,197298,
1974,197443,
1975,168395,
1976,169153,
1977,172993,
1978,177942,
1979,187257,
1980,188023,
1981,166139,
1982,155673,
1983,144425,
1984,149297,
1985,159259,
1986,156550,
1987,154525,
1988,161038,
1989,147215,
1990,139996,
1991,140766,
1992,160046,
1993,161463,
1994,156496,
1995,154344,
1996,69400,
1997,73218,
1998,80878,
1999,90368,
2000,68823,
2001,67114,
2002,68169,
2003,33361,
2004,30793,
2005,26677,
2006,26179,
2007,27726,
2008,26158,
2009,14340,
2010,14750,
2011,15228,
2012,8112,
2013,8358,
2014,8077,
2015,8255,
2016,4665,
2017,4184,
2018,3506,
2019,3314,
2020,3201,
2021,3469,
2022,3192,
2023,3202,
